"name","salary","Age","GS","MP","USG%","WS","PF","out","ovr"
"aaron brooks",2700000,31,0,1108,22.9,0.9,132,79,75
"aaron brooks",2116955,32,0,894,19.2,0.3,93,87,85
"aaron gordon",4351320,20,37,1863,17.3,5.4,153,87,90
"aaron gordon",5504420,21,72,2298,20.1,3.7,172,86,92
"adreian payne",2022240,24,2,486,17.7,-0.5,77,56,69
"aj hammons",1312611,24,0,163,17.6,0,21,47,66
"al farouq aminu",7319035,26,25,1773,15.4,1.9,102,75,83
"al horford",26540100,29,82,2631,20.6,9.4,163,81,83
"al horford",27734405,30,68,2193,19.8,6.3,138,80,91
"al jefferson",10230179,31,18,1096,24.2,2.8,117,65,83
"al jefferson",9769821,32,1,931,26.1,2.3,125,64,89
"alan williams",6e+06,24,0,708,20.9,2.1,125,37,75
"alec burks",10154495,24,3,797,25.9,1.5,71,73,76
"alec burks",10845506,25,0,653,22.7,0.8,50,70,73
"alex abrines",5725000,23,6,1055,15.9,2.1,114,66,66
"alex len",4823621,22,46,1821,20.4,1.3,230,57,74
"alex len",4187599,23,34,1560,17.6,3,242,53,70
"alexis ajinca",4600000,27,17,861,20.4,1,134,59,74
"alexis ajinca",4961798,28,15,584,17.2,1,77,47,67
"allen crabbe",18500000,23,8,2105,16.4,4.3,192,94,82
"allen crabbe",19332500,24,7,2254,14.9,4.1,171,91,82
"amir johnson",1.2e+07,28,76,1800,13.6,5.9,214,71,75
"amir johnson",1.1e+07,29,77,1608,13.6,5,211,54,79
"anderson varejao",1984005,33,0,496,15,1,70,62,76
"anderson varejao",1913345,34,1,92,12.6,0.2,16,62,78
"andre drummond",23775506,23,81,2409,22.4,6.7,237,46,94
"andre iguodala",11131368,32,1,1732,12.1,4.4,102,65,77
"andre roberson",2183072,24,70,1553,9.1,3.4,133,73,84
"andre roberson",9259259,25,79,2376,10.1,4.2,204,49,72
"andrea bargnani",323599,30,0,634,23.2,0.2,61,77,74
"andrew bogut",11027027,31,66,1451,11.4,5.4,221,41,77
"andrew bogut",2328652,32,21,583,10.4,0.7,86,41,83
"andrew harrison",1312611,22,18,1474,16.4,1.6,194,79,75
"andrew nicholson",6088993,26,0,823,20.4,1.6,69,66,68
"andrew nicholson",2844429,27,0,342,17,-0.1,55,61,69
"andrew wiggins",6006600,20,81,2845,27.2,4.1,165,76,80
"andrew wiggins",7574322,21,82,3048,29,4.2,183,92,95
"anthony bennett",1015696,22,0,84,19.2,0.1,8,63,69
"anthony brown",874636,23,11,599,11,-0.3,34,67,68
"anthony davis",23775506,23,75,2708,32.6,11,168,87,98
"anthony morrow",3488000,30,6,926,16.9,1.9,64,87,74
"anthony tolliver",8e+06,30,5,1341,12.4,2.8,86,79,70
"archie goodwin",2094089,21,13,1114,23.2,0.1,84,66,70
"aron baynes",6500000,29,1,1233,18.5,4.1,151,60,72
"austin rivers",1.1e+07,23,7,1464,19.4,1.9,137,90,89
"austin rivers",11825000,24,29,2054,20.3,2.5,187,83,83
"avery bradley",8269663,25,72,2536,19.8,4.8,164,89,91
"avery bradley",8808989,26,55,1835,21.9,3.1,141,90,92
"ben mclemore",4008882,22,53,1443,17.6,0.3,140,77,73
"ben mclemore",5200000,23,26,1176,20.1,0.4,108,65,68
"beno udrih",1551659,33,5,707,16.7,0.4,51,81,75
"bismack biyombo",1.7e+07,23,22,1808,11.5,5.9,225,57,87
"bismack biyombo",1.7e+07,24,27,1793,13.2,2.9,202,39,73
"blake griffin",20140838,26,35,1170,29.8,3.8,95,80,88
"blake griffin",29512900,27,61,2076,28,7.7,157,75,93
"boban marjanovic",7e+06,27,4,508,22.8,3.4,54,50,69
"boban marjanovic",7e+06,28,0,293,25.3,1.7,25,60,86
"bobby portis",1453680,20,4,1102,20.7,1.5,100,66,71
"bobby portis",1516320,21,13,1000,19.1,2.4,94,58,69
"bojan bogdanovic",3730653,26,39,2115,19.4,0.9,119,90,85
"bojan bogdanovic",10500000,27,54,2083,22.4,2.9,146,81,79
"boris diaw",7e+06,33,4,1386,17,3.8,102,76,74
"bradley beal",22116750,22,35,1708,25.3,2.7,117,82,80
"brandan wright",5955760,29,5,447,16.3,1.6,42,46,80
"brandon bass",1551659,30,0,1342,13.9,4.1,125,70,74
"brandon ingram",5519400,19,40,2279,16.8,-0.3,158,87,88
"brandon jennings",4837318,26,7,868,20,1.5,57,79,80
"brandon knight",12606250,24,50,1870,26.2,1.7,124,86,85
"brandon knight",13618750,25,5,1140,25,0.3,87,75,76
"brandon rush",3500000,30,25,1055,12.5,2,57,56,65
"brian roberts",1050961,30,0,470,19.8,1,35,74,72
"briante weber",50000,24,0,205,16.3,0.3,16,58,66
"brook lopez",22642350,28,75,2222,29.2,4.9,192,85,92
"bruno caboclo",2451225,21,0,40,20.1,0.1,4,61,65
"bryn forbes",1312611,23,0,285,17.9,0.1,20,86,82
"cameron payne",2112480,21,1,698,20.3,1.4,80,69,72
"cameron payne",2203440,22,0,462,20.9,-0.3,52,69,70
"caris levert",1632480,22,26,1237,16.6,1.8,91,61,68
"carl landry",6500000,32,12,569,24,2.1,69,60,74
"carmelo anthony",24559380,31,72,2530,29.7,6.4,180,86,88
"caron butler",517220,35,1,176,16.2,0.3,19,76,72
"chandler parsons",23112004,28,34,675,17.8,0.2,52,87,88
"cheick diallo",1312611,20,0,199,20.5,0.5,17,38,68
"chinanu onuaku",1312611,20,1,52,10.4,0.1,6,34,65
"chris bosh",23741060,31,53,1778,24.7,6.4,101,86,84
"chris mccullough",1471382,21,0,80,19.9,0.1,7,50,65
"chris paul",22868827,30,74,2420,27.1,12.7,185,89,90
"chris paul",24599495,31,61,1921,24.4,10.6,146,94,96
"cj mccollum",3219579,24,80,2780,27.1,6,187,95,92
"cj mccollum",23962573,25,80,2796,27.5,7.6,202,97,95
"cj miles",4583450,28,24,1464,22.8,3.1,142,77,73
"cj miles",7936509,29,29,1776,18.4,4,151,77,77
"cj watson",5e+06,31,2,656,12.1,0.6,49,75,74
"clint capela",2334520,22,59,1551,19.9,6,179,48,89
"cody zeller",5318313,23,60,1774,15.4,6.3,204,58,74
"cody zeller",12584270,24,58,1725,15.5,5.6,189,47,70
"cole aldrich",7643979,27,5,800,18.4,3.5,139,50,72
"cole aldrich",7300000,28,0,531,9.4,1.3,85,40,69
"corey brewer",7579366,30,11,1281,14.3,1.2,133,79,84
"cory joseph",7330000,24,4,2046,17,3.5,131,91,88
"cory joseph",7630000,25,22,2003,18.4,3.4,140,79,79
"courtney lee",11242000,30,65,2334,14.7,3.9,134,81,75
"courtney lee",11747890,31,74,2459,14.4,4.2,141,76,77
"cristiano felicio",7843500,24,0,1040,12.4,3.4,110,35,66
"dahntay jones",24022,35,0,42,15.1,0.1,6,64,66
"damian jones",1312611,21,0,85,13.4,0,15,41,67
"damian lillard",26153057,26,75,2694,31.5,10.3,152,97,96
"damjan rudez",980431,29,0,277,12.7,0.1,33,76,68
"danilo gallinari",15050000,27,53,1839,23,6.3,87,80,76
"danny green",1e+07,28,79,2062,14.6,4.2,141,90,84
"dante cunningham",2978250,28,46,1971,11,2.1,173,63,69
"dante cunningham",2300000,29,35,1649,10.7,3,100,56,67
"dante exum",4992385,21,26,1228,18.1,1.2,146,63,70
"darrell arthur",7464912,28,7,639,17.3,1.1,76,63,70
"darren collison",1e+07,29,64,2063,19.8,3.9,119,74,73
"david lee",1551659,32,5,903,21.5,3,114,58,76
"david west",1551659,35,19,1404,18,5.4,142,70,77
"david west",2328652,36,0,854,17.9,2.6,105,80,94
"davis bertans",1312611,24,6,808,15.7,2.3,75,66,66
"deandre jordan",21165675,27,77,2598,15.4,11.5,207,51,92
"deandre jordan",22642350,28,81,2570,15.3,11.8,212,44,93
"dejounte murray",1312611,20,8,322,23.5,0,29,70,75
"delon wright",1577280,23,1,229,22.1,0.6,7,66,70
"delon wright",1645200,24,0,446,16.6,1.1,31,57,66
"demar derozan",26540100,26,78,2804,29.8,9.9,167,94,94
"demar derozan",27739975,27,74,2620,34.3,9,134,90,96
"demarcus cousins",16957900,25,65,2246,35.4,5.7,236,87,96
"demarcus cousins",18063850,26,72,2465,36.5,7.6,278,88,97
"demarre carroll",14200000,29,22,786,18.5,1.2,63,77,79
"demarre carroll",14800000,30,72,1882,15.5,3.8,143,57,73
"dennis schroder",2708582,22,6,1621,28.8,2.2,138,92,86
"denzel valentine",2186400,23,0,976,15.4,0.6,86,73,69
"deron williams",5500000,32,44,1657,22.1,2.4,138,95,95
"derrick favors",11050000,24,59,1983,23.9,7.1,150,63,82
"derrick favors",1.2e+07,25,39,1186,20.7,2.7,103,48,78
"derrick rose",2116955,28,64,2082,25.7,3,84,92,95
"derrick williams",4598000,24,9,1435,23.3,3.6,69,78,77
"devin booker",2223600,19,51,2108,23,1.9,225,78,72
"devin booker",2319360,20,78,2730,28.6,2,242,97,97
"devin harris",4402546,33,0,1087,19.7,2.2,101,80,87
"dewayne dedmon",6e+06,27,37,1330,12.3,5.2,180,38,67
"deyonta davis",1312611,20,0,238,12,0.5,40,46,73
"diamond stone",1312611,19,0,24,31.3,-0.1,5,46,65
"dion waiters",2898000,24,15,2152,17.7,2.1,143,69,73
"dion waiters",1.1e+07,25,43,1384,26.3,1.6,95,87,83
"dirk nowitzki",5e+06,38,54,1424,25.8,2.5,113,97,97
"dj augustin",7250000,28,0,1178,18,2.6,85,76,73
"dj augustin",7250000,29,20,1538,19.4,1.2,101,81,79
"domantas sabonis",2550000,20,66,1632,15.4,0.7,200,54,69
"donatas motiejunas",576724,25,22,547,21.4,0.3,69,71,75
"doug mcdermott",2483040,24,4,1861,17.3,2.8,127,91,82
"doug mcdermott",3294994,25,5,1508,16.4,2.6,79,93,91
"draymond green",15330435,25,81,2808,18.8,11.1,240,93,96
"draymond green",16400000,26,76,2471,16.2,8.2,217,90,95
"dwight howard",23180275,30,71,2280,18.4,6.6,219,51,85
"dwight howard",23500000,31,74,2199,19.2,8.3,203,47,96
"dwight powell",8375000,24,2,992,18.4,3.1,118,66,68
"dwight powell",9003125,25,3,1333,16.7,4.6,135,51,69
"dwyane wade",15550000,35,59,1792,29.6,3.4,112,89,99
"ed davis",6666667,26,0,1684,12.7,6.7,202,46,76
"ed davis",6352531,27,12,789,12,1.7,137,39,73
"elfrid payton",2613600,21,69,2145,20.4,2.2,159,66,76
"elfrid payton",3332340,22,58,2412,21.6,4.4,177,82,88
"elliot williams",250000,26,0,45,12.7,0,2,62,66
"elton brand",1e+06,36,1,225,16.9,0.2,32,58,70
"enes kanter",17145838,23,1,1721,23.4,8.1,166,87,88
"enes kanter",20566802,24,0,1533,27.3,5.8,154,75,90
"eric bledsoe",1.4e+07,26,31,1059,27.2,2.5,75,79,82
"eric bledsoe",14500000,27,66,2176,28.1,5.4,164,89,89
"eric gordon",12385364,27,44,1481,20.3,2.1,98,81,78
"eric gordon",12943020,28,15,2323,22.1,3.8,150,95,93
"evan fournier",1.7e+07,23,71,2566,20.1,5.7,214,81,76
"evan fournier",1.7e+07,24,66,2234,23.5,2.8,180,78,79
"evan turner",16393443,27,12,2271,18.8,4,139,74,74
"festus ezeli",7400000,26,13,770,18.2,2.7,94,43,72
"frank kaminsky",2847600,23,16,1954,21.8,2.3,139,71,75
"gary harris",1655880,21,76,2439,16.5,4,143,63,65
"gary harris",2550055,22,56,1782,18.4,4.6,92,74,73
"george hill",8e+06,29,73,2524,15.8,6.2,149,77,78
"george hill",2e+07,30,49,1544,23.5,5.9,114,85,83
"georges niang",1e+05,23,0,93,20.2,-0.3,6,61,65
"georgios papagiannis",2301360,19,0,355,16.9,0.4,44,40,66
"gerald henderson",9e+06,28,0,1431,20.2,2,87,71,74
"giannis antetokounmpo",2995421,21,79,2823,22.3,7.1,258,68,79
"goran dragic",15890000,29,72,2363,21.9,4.7,188,90,90
"goran dragic",17000450,30,73,2459,27.1,7.5,199,95,92
"gordon hayward",16073140,25,80,2893,25.7,8.9,183,86,83
"gordon hayward",29727900,26,73,2516,27.6,10.4,117,95,94
"gorgui dieng",2348783,26,39,2220,16.7,5.9,219,60,74
"gorgui dieng",14112360,27,82,2653,14,5.7,254,57,72
"greg monroe",17100000,25,67,2314,23.5,7.5,163,66,82
"greg monroe",17884176,26,0,1823,24.3,5.6,168,55,83
"greivis vasquez",4347826,29,0,460,18.5,-0.3,42,78,73
"harrison barnes",22116750,23,59,2042,15.9,4.9,136,90,87
"harrison barnes",23112004,24,79,2803,25.3,4.6,128,91,92
"hassan whiteside",23775506,27,77,2513,22.7,9.5,226,61,92
"henry sims",75000,25,4,263,17.3,0.4,37,66,72
"ian clark",1015696,24,1,578,19.5,0.9,58,89,81
"ian clark",1577230,25,0,1137,19.5,2.3,77,92,82
"ian mahinmi",15944154,29,71,1816,15.7,6.2,220,60,86
"ian mahinmi",16661641,30,0,555,14,1.4,90,49,79
"iman shumpert",10337079,26,31,1937,13.9,2,150,74,85
"isaiah canaan",1015696,24,39,1966,19.9,1.4,133,74,72
"isaiah canaan",2e+05,25,0,592,15.3,0.5,35,71,70
"isaiah whitehead",1312611,21,26,1643,18.2,-0.8,175,83,79
"ish smith",6e+06,28,32,1955,20.5,3.1,127,67,72
"ivica zubac",1312611,19,11,609,20.3,1.1,66,52,79
"jabari parker",6782392,21,50,1728,26.5,4.1,111,85,89
"jae crowder",6286408,25,73,2308,18.5,7.3,198,75,76
"jae crowder",6796117,26,72,2335,17,6.7,161,88,92
"jahlil okafor",4788840,20,48,1591,27.3,1.2,140,57,80
"jahlil okafor",4995120,21,33,1134,24.1,1.2,122,61,91
"jake layman",1312611,22,1,249,19,-0.3,22,63,72
"jakob poeltl",2825640,21,4,626,12.1,1.6,113,39,69
"jamal crawford",13253012,35,5,2126,24.9,3.3,122,91,90
"jamal crawford",10942762,36,1,2157,22.7,1.9,115,90,89
"jamal murray",3355320,19,10,1764,21.6,1.4,124,91,91
"jameer nelson",4540525,33,15,1036,16.4,0.5,100,71,72
"jameer nelson",4736050,34,39,2045,15.8,2.8,197,89,87
"james ennis",2898000,25,5,329,19.8,0.9,28,71,70
"james ennis",3028410,26,28,1501,13,3.2,165,70,71
"james harden",26540100,26,82,3125,32.5,13.3,229,95,96
"james harden",28299399,27,81,2947,34.2,15,215,98,98
"james johnson",4e+06,28,32,926,15.9,1.3,84,68,75
"james johnson",13954000,29,5,2085,22,5.1,197,58,75
"james jones",1551659,35,0,463,16.2,1.2,50,76,69
"jared dudley",10470000,30,41,2098,12.7,4.6,190,78,75
"jared dudley",1e+07,31,7,1362,13.7,1.8,154,77,77
"jared sullinger",5628000,23,73,1915,21.8,4.8,209,75,77
"jarell eddie",175000,24,0,147,20.7,0.1,5,67,63
"jarell eddie",17224,25,0,62,16.2,0.1,1,65,65
"jarell martin",1471382,22,3,558,16.4,0.6,91,46,67
"jarnell stokes",150000,22,0,18,14.9,0.1,1,44,72
"jarrett jack",2328652,33,0,33,9.2,0,4,88,83
"jason smith",5e+06,29,2,1181,22.1,1.8,163,68,72
"jason smith",5225000,30,3,1068,16.7,2.3,168,63,70
"jason terry",1551659,38,7,1258,15,1.5,91,77,71
"jason terry",2328652,39,0,1365,9.8,2.1,95,96,94
"jason thompson",945126,29,7,471,13.9,1.6,80,51,70
"jaylen brown",4956480,20,20,1341,18.1,1.5,142,84,89
"jeff green",1.5e+07,29,41,2253,20.2,3.1,164,74,77
"jeff green",2116955,30,11,1534,20.3,0.7,103,77,81
"jeff teague",8800000,27,78,2255,26.6,5.9,167,82,83
"jeff teague",1.9e+07,28,82,2657,22.1,8.1,165,89,89
"jeff withey",1015696,25,10,658,15.1,2.3,75,56,70
"jeff withey",1577320,26,1,432,14.9,1.8,52,46,69
"jerami grant",980431,21,52,2066,18,2.1,215,60,69
"jerami grant",1524305,22,4,1531,12.1,2.9,149,49,70
"jeremy evans",1227286,28,2,251,11.7,0.6,19,63,70
"jeremy lamb",6511628,23,0,1227,22,2.7,105,72,73
"jeremy lamb",7e+06,24,5,1143,23.2,2.7,98,75,77
"jeremy lin",11483254,27,13,2048,22.2,3.5,165,91,85
"jeremy lin",1.2e+07,28,33,883,26.6,2.1,79,88,89
"jerian grant",1643040,23,6,1265,19,0.8,97,68,69
"jerian grant",1713840,24,28,1028,16,2.5,93,58,67
"jerryd bayless",9424084,27,18,1505,16.4,2.4,111,72,72
"jerryd bayless",9e+06,28,1,71,27.7,-0.1,4,75,71
"jimmy butler",17552209,26,67,2474,24.4,9.1,124,92,96
"jimmy butler",19301070,27,75,2809,26.5,13.8,112,93,96
"jj barea",4096950,31,16,1667,23.8,2.8,110,75,74
"jj barea",3903900,32,6,771,26.2,1.3,30,84,83
"jj redick",7377500,31,75,2097,22.6,6.7,135,91,79
"jj redick",2.3e+07,32,78,2198,21.9,4.8,125,95,91
"joakim noah",1.7e+07,30,2,635,14.2,1.1,77,48,79
"joakim noah",17765000,31,46,1015,12.5,2.3,127,61,92
"joe ingles",2250000,28,2,1241,13.5,2.3,98,78,70
"joe ingles",14136364,29,26,1972,13.9,5,163,90,91
"joe johnson",1.1e+07,34,81,2703,17.9,2.7,146,77,79
"joe johnson",10505000,35,14,1843,18.5,3.8,93,91,91
"joel anthony",663810,33,0,96,7,0.4,15,41,66
"joel embiid",6100266,22,31,786,36,1.9,112,87,95
"joffrey lauvergne",1709720,24,15,1041,19.5,2.3,115,48,69
"joffrey lauvergne",1524305,25,1,980,18.5,1.5,83,58,70
"john henson",12517606,25,1,960,19.1,2.3,131,42,74
"john wall",16957900,25,77,2784,28.6,5.7,159,90,96
"john wall",18063850,26,78,2836,30.6,8.8,151,94,96
"jon leuer",10991957,26,27,1255,19.8,2.7,125,68,72
"jon leuer",10497319,27,34,1944,17.3,4.5,145,66,71
"jonas jerebko",5e+06,28,0,1176,13.5,2.4,137,77,72
"jonas valanciunas",14382022,23,59,1557,20.9,6.9,158,68,87
"jonas valanciunas",15460675,24,80,2066,19.5,7.9,216,57,85
"jonathon simmons",874636,26,2,813,18.9,2,103,68,69
"jonathon simmons",6300000,27,8,1392,18,2,146,88,88
"jordan adams",1465080,21,0,15,30.5,0,2,72,70
"jordan clarkson",12500000,23,79,2552,22.8,2.1,168,77,75
"jordan clarkson",11562500,24,19,2397,23.3,1.2,150,77,76
"jordan farmar",510921,29,10,291,18.9,0.4,22,70,68
"jordan hill",3911380,28,11,1513,20.3,3.9,155,62,75
"jordan mickey",1471382,22,1,141,15.5,0.1,12,38,68
"jose calderon",7708427,34,72,2024,12.6,4,135,78,73
"jose calderon",2328652,35,13,539,14.4,0.3,36,87,84
"josh huestis",1191480,24,0,55,13,0,3,52,65
"josh huestis",1471382,25,0,31,15.7,0.2,0,50,66
"josh mcroberts",6021175,29,14,381,16.9,0.3,31,64,78
"josh richardson",874636,22,2,1107,13.8,2.5,107,69,66
"josh richardson",1471382,23,34,1614,16.8,2.2,132,67,71
"josh smith",5400000,30,7,880,22.9,0,118,63,75
"jr smith",12800000,30,77,2362,18,5.5,204,78,76
"jr smith",13760000,31,35,1187,14.6,0.8,77,94,92
"jrue holiday",25686667,26,61,2190,23.5,3.8,133,82,84
"juan hernangomez",2076840,21,9,842,14.6,1.8,62,72,75
"julius randle",3267120,21,60,2286,21.2,1.6,242,55,74
"julius randle",4149242,22,73,2132,21.4,3.5,248,68,86
"justin anderson",1579440,23,10,1228,20.9,1.9,109,76,79
"justin hamilton",1e+06,26,7,1177,16.2,2.1,91,70,75
"justin harper",57672,26,0,35,16,0,3,57,61
"justin holiday",1015696,26,5,773,16.2,0.6,61,74,72
"justin holiday",4615385,27,4,1639,16.9,2.5,109,66,68
"justise winslow",2705040,20,15,625,19.8,-0.1,52,52,73
"jusuf nurkic",1921320,21,3,547,27.2,0.4,91,53,74
"jusuf nurkic",2947305,22,48,1391,23.9,2,161,62,89
"karl anthony towns",5960160,20,82,2627,24.9,8.3,245,91,96
"karl anthony towns",6216840,21,82,3030,27.5,12.7,241,90,96
"kawhi leonard",17638063,24,72,2380,25.8,13.7,133,91,96
"kawhi leonard",18868625,25,74,2474,31.1,13.6,122,95,97
"kelly olynyk",3094014,24,8,1395,20.9,4.1,163,75,74
"kelly olynyk",10607169,25,6,1538,19,4.1,207,81,90
"kemba walker",1.2e+07,25,81,2885,26.5,9.9,111,93,96
"kemba walker",1.2e+07,26,79,2739,29.2,8.1,119,95,94
"kenneth faried",12078652,26,64,1694,21,5.5,169,56,79
"kent bazemore",15730338,26,68,2083,20,4.1,176,90,83
"kent bazemore",16910113,27,64,1963,20.5,2.1,165,71,78
"kentavious caldwell pope",3678319,22,76,2789,18.2,5.3,167,74,73
"kevin durant",26540100,27,72,2578,30.6,14.5,137,93,97
"kevin durant",2.5e+07,28,62,2070,27.8,12,117,98,98
"kevin garnett",8e+06,39,38,556,11.3,1.1,70,60,75
"kevin love",21165675,27,77,2424,23.4,8.5,159,93,91
"kevin love",22642350,28,60,1885,26.4,6.4,125,90,99
"kevin martin",1360305,32,13,1095,22.6,1.2,83,84,79
"kevin seraphin",1800000,26,0,526,22.2,-0.2,67,55,72
"kevon looney",1182840,19,0,21,16.5,0.1,2,57,69
"kj mcdaniels",3333333,22,1,235,18.7,0.2,30,62,70
"kj mcdaniels",1e+05,23,0,505,18.1,0.5,49,51,65
"klay thompson",16663575,25,80,2666,26.3,8,152,98,97
"klay thompson",17826150,26,78,2649,26.1,7.1,139,98,97
"kosta koufos",8046500,26,14,1482,15.4,3.5,185,44,72
"kris dunn",4046760,22,7,1333,14.2,0.1,178,66,74
"kris humphries",4e+06,30,17,835,19.5,1.6,94,60,72
"kristaps porzingis",4317720,20,72,2047,24.6,4.3,205,82,81
"kyle anderson",1192080,22,11,1245,14.4,3.5,97,64,71
"kyle lowry",1.2e+07,29,77,2851,26.1,11.6,211,95,93
"kyle lowry",28703704,30,60,2244,24.9,10.1,170,95,95
"kyle singler",4837500,27,2,977,11.9,1.1,120,75,71
"kyle singler",4666500,28,2,385,11.2,0.3,29,60,67
"kyrie irving",17638063,23,53,1667,29.5,5,107,98,98
"kyrie irving",18868625,24,72,2525,30.8,8.9,157,98,97
"lamarcus aldridge",20575005,30,74,2261,25.9,10.1,151,93,96
"lamarcus aldridge",21461010,31,72,2335,24.5,7.3,158,90,94
"lance stephenson",4e+06,25,13,1372,20.2,2.2,135,62,74
"lance stephenson",4180000,26,0,361,18.7,0.1,32,84,88
"lance thomas",6191000,27,5,1313,16.9,1.7,109,66,70
"lance thomas",6655325,28,15,968,13.1,0.9,85,61,67
"langston galloway",5200000,24,7,2033,15.6,3.3,177,77,72
"larry nance",1471382,24,7,1442,13.4,3.5,149,79,92
"lavoy allen",4e+06,26,28,1599,13,3.7,147,51,72
"leandro barbosa",4e+06,33,0,1079,18.1,2.1,107,77,74
"lebron james",30963450,31,76,2709,31.4,13.6,143,94,99
"lebron james",33285709,32,74,2794,30,12.9,134,94,98
"lou amundson",1551659,33,0,204,17.7,-0.1,44,44,71
"lou williams",7e+06,29,35,1907,22.8,4.7,107,89,84
"lou williams",7e+06,30,1,1994,29.1,6.1,92,92,89
"lucas nogueira",1921320,23,1,225,12.4,0.7,29,38,68
"lucas nogueira",2947305,24,6,1088,9.5,3.7,137,35,65
"luis scola",5e+06,35,76,1636,19.5,3.3,178,61,75
"luke babbittt",1227000,26,13,845,17.5,1.1,90,79,70
"luol deng",17190000,31,49,1486,14.2,0.9,61,80,87
"malachi richardson",1504560,21,0,198,19.3,0.1,23,65,66
"malik beasley",1700640,20,1,165,22,0.2,10,66,68
"manu ginobili",1.4e+07,38,0,1134,23.6,3.8,99,75,78
"manu ginobili",2500000,39,0,1291,20.4,3,119,94,95
"marc gasol",21165675,31,52,1791,23.4,3.7,141,80,90
"marc gasol",22642350,32,74,2531,26.4,7.7,171,85,95
"marcin gortat",1.2e+07,31,74,2256,18.9,7.3,193,57,78
"marcin gortat",12782609,32,82,2556,14.7,6.8,213,50,80
"marco belinelli",6333333,29,7,1672,19.7,0.5,91,83,73
"marco belinelli",6606060,30,0,1778,19.2,3.2,90,91,87
"marcus morris",4625000,26,80,2856,18.4,5.4,170,73,73
"marcus morris",5e+06,27,79,2565,20.3,3.9,168,86,86
"marcus smart",3578880,21,10,1667,17.4,2.9,183,86,87
"marcus smart",4538020,22,24,2399,18.8,3.2,192,90,91
"marcus thornton",1315448,28,8,1109,24.4,1.7,90,74,72
"mario hezonja",3909840,20,9,1413,16.9,0.9,124,71,73
"mario hezonja",4078320,21,2,960,18.8,-0.7,74,66,69
"markieff morris",7400000,26,45,1629,24.2,0.5,184,80,78
"markieff morris",8e+06,27,76,2374,20.5,4.1,254,69,78
"marquese chriss",3073800,19,75,1743,19.7,1.8,263,81,89
"marreese speights",1403611,28,0,832,29.7,1.8,117,90,82
"marreese speights",2116955,29,2,1286,23.6,4.2,229,67,71
"marshall plumlee",1e+05,24,1,170,12.8,0.2,23,41,66
"marvin williams",12250000,29,81,2338,16.8,7.8,133,76,71
"marvin williams",13168750,30,76,2295,16.3,5,134,78,83
"mason plumlee",2328530,25,82,2084,17.1,6.1,253,47,76
"matt barnes",6125000,35,45,2190,17.9,2.6,234,69,73
"matt barnes",2133542,36,18,1777,15.6,2,185,56,70
"matthew dellavedova",9607500,25,14,1867,15.9,3.8,178,70,70
"matthew dellavedova",9607500,26,54,1986,16.3,1.2,153,87,88
"maurice harkless",8988764,22,14,1457,15.6,2.9,124,51,68
"maurice harkless",10162922,23,69,2223,15.1,4.2,214,58,75
"meyers leonard",9213484,23,10,1333,17.4,2.2,183,78,72
"michael beasley",1403611,27,0,363,29.7,1,39,66,67
"michael beasley",2116955,28,6,935,25.3,1.8,92,81,83
"michael carter williams",2700000,25,19,846,20.9,0.2,102,64,73
"michael gbinije",5e+05,24,0,32,15,-0.1,2,59,65
"michael kidd gilchrist",1.3e+07,22,7,205,18,0.6,9,56,77
"michael kidd gilchrist",1.3e+07,23,81,2349,14.6,5.8,187,52,80
"mike conley",26540100,28,56,1761,22.4,5.3,100,89,91
"mike conley",28530608,29,68,2292,26.3,10,126,94,95
"mike dunleavy",4837500,35,30,703,14.4,0.9,66,83,73
"mike dunleavy",1662500,36,2,841,14,1.5,67,87,85
"mike muscala",1015696,24,0,565,15.5,1.6,72,71,72
"mike scott",1709538,28,0,195,15.8,-0.1,12,61,70
"miles plumlee",12500000,28,12,484,13.1,0.5,73,34,68
"mindaugas kuzminskas",3025035,27,5,1016,19.2,1.2,79,61,69
"mirza teletovic",10500000,30,1,1686,23.4,3.8,159,74,69
"mirza teletovic",10500000,31,2,1133,19.1,0.6,109,76,77
"mitch mcgary",1526040,23,0,72,20.4,0,10,52,73
"mo williams",2200000,33,14,748,22.8,1.1,60,81,76
"monta ellis",2245400,31,33,1998,16.8,1.1,149,90,89
"montrezl harrell",1471382,23,14,1064,17.6,4.1,126,53,75
"myles turner",2463840,19,30,1367,20.9,3.1,158,63,73
"nemanja bjelica",3800000,27,0,1075,12.8,1.9,154,73,70
"nemanja bjelica",3949999,28,1,1190,16.4,1.5,154,69,75
"nerlens noel",4384490,21,62,1965,18.8,3,192,52,77
"nerlens noel",4187599,22,19,1047,17.6,4,126,52,79
"nick young",5443918,30,2,1033,18.5,0.1,50,76,73
"nicolas batum",20869566,27,70,2448,21.4,5,114,71,77
"nicolas batum",22434783,28,77,2617,22.3,4.5,109,80,84
"nik stauskas",2993040,22,35,1809,16.7,0.5,115,74,69
"nik stauskas",3807146,23,27,2188,16.4,1.4,144,70,68
"nikola jokic",1358500,20,55,1733,19.9,6.7,208,49,68
"nikola jokic",1471382,21,59,2038,23.5,9.7,214,93,96
"nikola mirotic",5782450,24,38,1646,21.1,3.9,151,78,76
"nikola mirotic",12500000,25,15,1679,19.8,3.8,128,82,82
"nikola vucevic",11750000,25,60,2037,26.8,5.2,173,76,83
"noah vonleh",3505233,21,41,1265,13.1,1.8,154,46,66
"norman powell",874636,22,24,725,17.8,1.6,59,89,82
"norman powell",1471382,23,18,1368,21.1,2.8,127,86,89
"omer asik",9904494,29,64,1178,11.4,1.7,124,45,76
"omer asik",10595505,30,19,482,8.8,1,51,40,81
"omri casspi",3e+06,27,21,1880,17.8,3.6,154,70,73
"otto porter",5893981,22,73,2276,16.2,5.6,163,71,72
"otto porter",24773250,23,80,2605,15.1,9.4,193,85,82
"pablo prigioni",1050961,38,3,823,11,1.5,82,77,71
"pat connaughton",874636,23,0,143,18.7,-0.2,6,64,67
"pat connaughton",1471382,24,1,316,13,0.6,23,60,65
"patrick beverley",6e+06,27,63,2041,15.3,4.4,234,68,76
"patrick beverley",5513514,28,67,2058,14.1,5.3,222,89,88
"patrick mccaw",1312611,21,20,1074,11.9,1.7,62,57,67
"patrick patterson",6050000,26,0,2020,12.9,3.6,128,74,74
"patrick patterson",5192000,27,8,1599,12.5,3.3,120,60,71
"pau gasol",15500000,35,72,2291,24.6,7.1,148,78,86
"pau gasol",1.6e+07,36,39,1627,21.3,6.4,110,79,92
"paul george",19508958,26,75,2689,28.9,7.1,206,94,95
"paul millsap",20072033,30,81,2647,24.3,10.1,237,88,96
"paul millsap",31269231,31,67,2343,24.4,6.4,186,85,93
"paul pierce",3500000,38,38,1231,17.8,0.9,129,81,78
"paul pierce",1096080,39,7,277,14.8,0.1,40,94,95
"paul zipser",1312611,22,18,843,14.4,0.5,78,58,65
"pj tucker",5300000,30,80,2540,12.7,3.5,202,69,75
"pj tucker",7590035,31,21,2236,11.2,3.6,196,53,70
"quincy acy",1914544,25,29,876,13.1,2.5,103,62,69
"quincy acy",1709538,26,1,558,16.8,0.9,67,51,68
"rajon rondo",1.4e+07,29,72,2537,18.8,4.6,175,60,77
"rakeem christmas",1052342,24,0,6,14.7,0,1,43,65
"ramon sessions",6e+06,29,5,1667,21.8,3.8,102,69,72
"randy foye",2500000,32,8,1642,15.9,0.4,131,72,72
"rashad vaughn",1811040,19,6,1001,13.5,-0.8,73,67,69
"rashad vaughn",1889040,20,2,458,17.2,0,32,76,75
"ray mccallum",119494,24,6,475,16.8,0.3,29,70,71
"raymond felton",1551659,31,31,2192,18.4,2.7,141,86,85
"raymond felton",2328652,32,11,1700,16.5,2,125,80,81
"reggie bullock",2500000,25,5,467,13.4,1,22,65,66
"reggie jackson",14956522,25,79,2424,29.1,6.9,187,76,78
"reggie jackson",1.6e+07,26,50,1424,26.4,1.9,129,72,77
"richard jefferson",2500000,35,5,1326,13.4,2.7,129,73,72
"richard jefferson",2500000,36,13,1614,12.2,2.1,153,91,92
"richaun holmes",1471382,23,17,1193,18.6,3.7,136,73,82
"ricky rubio",13550000,25,76,2323,17.7,5.8,201,73,77
"ricky rubio",14275000,26,75,2469,17.4,6.1,202,90,89
"robert covington",1015696,25,49,1903,21.5,2,232,72,74
"robert covington",16698103,26,67,2119,19.2,3.1,203,75,81
"robin lopez",13219250,27,82,2219,17.7,5.8,182,63,75
"robin lopez",13788500,28,81,2271,17.5,4.3,151,58,81
"rodney hood",1406520,23,79,2541,21.5,6,202,75,70
"rodney hood",2386864,24,55,1593,22.9,2.6,132,86,79
"rodney stuckey",7e+06,29,1,1275,20.3,2,77,76,76
"rondae hollis jefferson",1395600,21,17,615,13.5,1.2,61,46,71
"rondae hollis jefferson",1471382,22,50,1761,18.7,2.6,177,60,79
"ronnie price",2557545,32,18,1211,13.7,1.4,161,63,69
"ronnie price",2442455,33,0,134,9,0,14,55,65
"rudy gay",13333333,29,70,2379,22.4,3.8,184,83,83
"rudy gobert",2121288,23,60,1932,14.2,6.4,163,48,86
"rudy gobert",21974719,24,81,2744,16.7,14.3,246,52,95
"russell westbrook",26540100,27,80,2750,31.6,14,200,95,97
"ryan anderson",18735364,27,7,2008,24.7,3.9,109,84,76
"ryan kelly",418228,24,0,470,17.9,0.1,39,68,66
"salah mejri",874636,29,6,397,14,1.3,54,50,68
"salah mejri",1471382,30,11,905,10.6,3,152,38,70
"sam dekker",1720560,21,0,6,0,0,0,64,70
"sam dekker",1794600,22,2,1419,14.9,3.1,83,78,79
"sasha vujacic",1410598,31,25,908,16.8,1.1,83,75,69
"serge ibaka",12250000,26,78,2500,17.6,5.5,211,79,80
"serge ibaka",20061729,27,79,2422,20.9,5.1,215,66,83
"seth curry",3028410,26,42,2029,19.5,4.6,126,84,79
"shabazz napier",1350120,24,0,600,19.7,0.1,38,70,70
"shabazz napier",2361360,25,2,512,21.2,0.6,38,91,88
"shaun livingston",7692308,31,3,1345,12.9,2.6,120,71,83
"shelvin mack",6e+06,26,9,1205,19.6,1.4,100,68,70
"solomon hill",11241218,24,3,866,13.2,2.1,68,73,73
"solomon hill",12236535,25,71,2374,11.5,2.7,182,61,71
"spencer dinwiddie",726672,22,0,159,20.7,0.1,20,69,68
"spencer hawes",6348759,27,6,1035,17.1,1.9,111,74,71
"spencer hawes",6021175,28,1,797,19.8,1.7,77,69,77
"stanley johnson",2969880,19,6,1687,19.6,0.6,178,64,73
"stanley johnson",3097800,20,1,1371,14.8,0.4,121,59,70
"stephen curry",34682550,28,79,2638,30.1,12.6,183,99,98
"stephen zimmerman",1312611,20,0,108,14.8,0,17,55,67
"steve novak",1551659,32,0,44,19.2,0.1,3,82,66
"steven adams",3140517,22,80,2014,12.6,6.5,223,60,89
"steven adams",22471910,23,80,2389,16.2,6.4,195,48,91
"taj gibson",8950000,30,55,1936,14.6,5.4,180,54,76
"tarik black",6191000,24,0,496,12.9,0.7,78,37,69
"terrence ross",1e+07,24,7,1747,18.2,3.6,120,76,73
"terrence ross",10500000,25,24,1955,19.3,3.5,143,84,84
"terry rozier",1906440,21,0,311,17.7,-0.3,23,66,69
"terry rozier",1988520,22,0,1263,17.1,1.4,69,60,67
"thabo sefolosha",3850000,31,11,1758,12.3,4.5,109,62,74
"thaddeus young",14153652,27,73,2407,21.6,4.1,182,71,75
"thaddeus young",14796348,28,74,2237,16.5,4.6,135,71,79
"thomas robinson",1050961,24,7,917,19.8,0.6,111,45,73
"thon maker",2684160,19,34,562,17.8,1.3,84,82,83
"tiago splitter",8550000,31,2,579,15.5,1.7,71,49,76
"tibor pleiss",3e+06,26,0,82,19.1,-0.1,19,51,69
"tim frazier",2090000,25,2,741,19.4,1,73,58,69
"tim frazier",2e+06,26,35,1525,16.3,2.4,133,77,79
"timofey mozgov",1.6e+07,29,48,1326,16.1,3.7,159,63,77
"timothe luwawu cabarrot",1386600,21,19,1190,17.8,0.8,154,79,82
"tj warren",3152931,23,59,2048,19.2,4.1,175,73,78
"tobias harris",1.6e+07,24,48,2567,21.7,6.9,133,68,75
"tomas satoransky",3e+06,25,3,719,12.1,0.6,60,64,68
"tony allen",2116955,35,66,1914,17.9,3.1,178,71,87
"tony parker",14445313,33,72,1980,21.2,5.8,114,91,88
"tony parker",15453126,34,63,1587,20.2,3,92,92,96
"tony snell",2368327,24,33,1301,13.7,0.4,100,72,72
"tony snell",9821429,25,80,2336,12.1,3.4,125,82,79
"tony wroten",25000,22,3,144,33.5,-0.8,11,72,75
"trevor ariza",7806971,30,81,2859,15.7,5.4,177,72,77
"trevor ariza",7420912,31,80,2773,14.1,6,133,84,89
"trevor booker",9250000,28,2,1632,14.6,4.3,169,71,74
"trevor booker",9125000,29,43,1754,18.7,3.1,152,60,78
"trey lyles",2340600,20,33,1382,17.9,2.3,114,65,72
"trey lyles",2441400,21,4,1158,21.7,0.8,97,59,69
"tristan thompson",15330435,24,34,2269,11.7,8.7,202,67,89
"troy daniels",3332940,24,0,476,20.4,1.1,40,88,74
"troy daniels",3408520,25,3,1183,21.7,1.3,90,86,79
"ty lawson",1315448,28,13,1411,14.9,0.9,87,79,81
"tyler ennis",1524305,22,2,588,19.1,0.4,58,86,82
"tyler johnson",5628000,23,5,863,16.8,2,66,73,71
"tyler johnson",5881260,24,0,2178,20.9,5.8,176,80,79
"tyler ulis",1312611,21,15,1123,20.3,0.7,73,87,86
"tyler zeller",1709538,27,5,525,16.5,1,61,47,69
"tyreke evans",10661286,26,25,765,24.7,1.4,66,76,80
"tyreke evans",3290000,27,6,788,26.7,0.7,60,76,84
"tyson chandler",12415000,33,60,1618,12.7,3.8,145,54,79
"tyson chandler",1.3e+07,34,46,1298,11.3,4,126,54,92
"tyus jones",1339680,19,0,573,16.1,0.3,33,69,69
"tyus jones",1471382,20,0,774,13.6,1.5,50,66,67
"udonis haslem",4e+06,35,0,260,12.8,0.4,25,52,71
"udonis haslem",2328652,36,0,130,12.8,0.2,22,61,80
"victor oladipo",6552960,23,52,2379,22.9,4.9,174,78,80
"vince carter",4264057,39,3,1005,18.5,1.8,101,70,72
"vince carter",8e+06,40,15,1799,14.9,4,163,93,97
"wade baldwin",1874400,20,1,405,19.2,-0.4,40,64,66
"wayne ellington",6e+06,28,41,1615,17.5,0.8,82,78,70
"wesley johnson",5628000,28,9,1666,16,2.6,173,69,72
"wesley matthews",17100000,29,78,2644,17.2,3.7,179,82,81
"wesley matthews",17884176,30,73,2495,19.4,3.1,161,84,84
"will barton",3533333,25,1,2353,23,4.3,147,69,73
"willie cauley stein",3551160,22,39,1412,13.2,3.8,146,37,74
"willie cauley stein",3704160,23,21,1421,19.6,3,147,50,88
"willie reed",1577230,26,5,1031,15.3,3.6,137,66,95
"willy hernangomez",1435750,22,22,1324,20.3,3.4,150,46,66
"wilson chandler",12016854,29,33,2197,22,3.6,172,82,83
"zach lavine",2240880,20,33,2294,23.5,2.6,193,91,91
"zach lavine",3202217,21,47,1749,21.7,3,104,90,89
"zach randolph",10361445,34,53,2016,24.6,4.3,146,75,84
"zach randolph",12307692,35,5,1786,29.2,3.2,136,80,94
"zaza pachulia",3477600,32,70,1268,15.3,4.7,166,44,73
