"","name","salary","year","Pos","Age","Tm","G","MP","3PAr","TOV%","DWS","DBPM","BPM","FG%","STL","PF"
"7","al farouq aminu",7680965,"2016","SF",25,"POR",82,2341,0.485,13.2,2.3,0.7,0.2,0.416,72,171
"24","alonzo gee",1400000,"2016","SF",28,"NOP",73,1632,0.235,16.2,0.9,1,-0.8,0.518,63,169
"27","anderson varejao",1984005,"2016","C",33,"TOT",53,496,0.008,13.1,0.8,1.4,-2.4,0.427,16,70
"29","andre drummond",22116750,"2016","C",22,"DET",81,2666,0.006,10.5,5.5,1.6,-0.5,0.521,119,245
"32","andre iguodala",14814815,"2017","SF",33,"GSW",76,1998,0.427,11.2,2.9,1.7,3,0.528,76,97
"45","anthony davis",22116750,"2016","C",22,"NOP",61,2164,0.095,8.4,2.8,1.2,2.2,0.493,78,148
"47","anthony morrow",3488000,"2016","SG",30,"OKC",68,926,0.613,4.6,0.5,-3.2,-2.7,0.408,22,64
"49","anthony tolliver",3290000,"2017","PF",31,"SAC",65,1477,0.655,12.6,0.8,-0.8,-0.6,0.442,33,109
"52","aron baynes",4328000,"2017","C",30,"DET",75,1163,0,13.5,1.5,1.1,-1.8,0.513,17,166
"53","arron afflalo",12500000,"2016","SG",30,"NYK",71,2371,0.298,8.7,0.9,-1.8,-2.4,0.443,25,142
"71","bojan bogdanovic",10500000,"2017","SF",27,"TOT",81,2083,0.464,12,0.9,-2.8,-2.8,0.445,34,146
"72","boris diaw",7e+06,"2016","PF",33,"SAS",76,1386,0.18,18.9,2.2,1.4,1.2,0.527,26,102
"74","bradley beal",23775506,"2017","SG",23,"WAS",77,2684,0.418,9.6,1.6,-2.4,2.2,0.482,83,169
"86","brook lopez",21165675,"2016","C",27,"BRK",73,2457,0.012,11.6,1.7,0.2,1.3,0.511,58,215
"88","bruno caboclo",1589640,"2016","SF",20,"TOR",6,43,0.583,25,0,-0.2,-11.6,0.083,2,2
"90","bryn forbes",1312611,"2017","SG",23,"SAS",36,285,0.535,9.8,0.2,-2.8,-6,0.364,1,20
"91","buddy hield",3675480,"2017","SG",23,"TOT",82,1888,0.493,11.2,1.3,-1.9,-2.8,0.426,38,115
"95","carl landry",6500000,"2016","PF",32,"PHI",36,569,0.052,7.1,0.3,-2.3,-0.7,0.556,12,69
"97","carmelo anthony",26243760,"2017","SF",32,"NYK",74,2538,0.303,9,1.5,-2.2,-0.7,0.433,60,198
"99","chandler parsons",22116750,"2016","SF",27,"DAL",61,1799,0.386,11.8,1.6,0.3,1.9,0.492,46,114
"101","channing frye",7806971,"2016","PF",32,"TOT",70,1200,0.677,10.6,1.3,0,0.5,0.438,29,127
"107","chris mccullough",1471382,"2017","PF",21,"TOT",16,80,0.219,8.1,0.1,-2.6,-4.6,0.5,2,7
"116","clint capela",1296240,"2016","C",21,"HOU",77,1471,0.003,10.9,2,1.7,0.5,0.582,59,190
"121","cole aldrich",7300000,"2017","C",28,"MIN",62,531,0,15.1,0.7,2.6,0.6,0.523,25,85
"122","corey brewer",7600000,"2016","SF",29,"HOU",82,1669,0.406,11.3,1.2,-1,-3.1,0.384,84,168
"129","dahntay jones",24022,"2016","SF",35,"CLE",1,42,0.143,0,0.1,0.9,-2.2,0.429,1,6
"131","damian lillard",24328425,"2016","PG",25,"POR",75,2676,0.414,12.6,1.4,-2.2,3.7,0.419,65,165
"135","danilo gallinari",20559599,"2017","SF",28,"DEN",63,2134,0.432,8.1,0.7,-2.1,0.8,0.447,40,93
"136","danny green",1e+07,"2016","SG",28,"SAS",79,2062,0.622,11.4,4.1,3,2.7,0.376,79,141
"141","dario saric",2422560,"2017","PF",22,"PHI",81,2129,0.368,15.2,2.2,-0.2,-2.2,0.411,57,162
"145","darren collison",1e+07,"2017","PG",29,"SAC",68,2063,0.245,12.6,0.8,-2.3,-1.5,0.476,67,119
"162","dennis schroder",15500000,"2017","PG",23,"ATL",79,2485,0.242,16.3,2.5,-1.4,-0.7,0.451,74,149
"166","derrick favors",11050000,"2016","PF",24,"UTA",62,1983,0.005,10.1,3.4,2.3,2.7,0.515,74,150
"168","derrick rose",21323250,"2016","PG",27,"CHI",66,2097,0.143,13.4,1.2,-2.1,-3.3,0.427,44,84
"174","devin harris",4402546,"2017","PG",33,"DAL",65,1087,0.519,12.5,1.1,-0.3,-0.4,0.399,43,101
"181","dirk nowitzki",2.5e+07,"2016","PF",37,"DAL",75,2364,0.308,6.4,2.6,-0.3,0.9,0.448,52,161
"185","domantas sabonis",2550000,"2017","PF",20,"OKC",81,1632,0.331,14,1.8,-0.1,-4.9,0.399,39,200
"188","doug mcdermott",3294994,"2017","SF",25,"TOT",66,1508,0.416,6.6,1,-2.3,-3.5,0.447,13,79
"196","dwyane wade",23200000,"2016","SG",34,"MIA",74,2258,0.037,13,2.6,-0.1,0.8,0.456,79,116
"199","ed davis",6352531,"2017","PF",27,"POR",46,789,0,17.2,0.7,0.2,-2,0.528,15,137
"205","emmanuel mudiay",3381480,"2017","PG",20,"DEN",55,1406,0.323,16.5,0.5,-1.8,-3.8,0.377,41,95
"217","evan turner",17131148,"2017","SF",28,"POR",65,1658,0.214,14.3,1.2,-0.1,-2.6,0.426,53,121
"218","festus ezeli",7400000,"2016","C",26,"GSW",46,770,0,11.7,1.3,1.4,-0.1,0.548,18,94
"220","frank kaminsky",2847600,"2017","C",23,"CHO",75,1954,0.441,8,1.9,-0.7,-1.5,0.399,47,139
"230","gerald green",1410598,"2016","SG",30,"MIA",69,1557,0.443,6.8,1.4,-1.8,-3,0.392,38,123
"231","gerald henderson",9e+06,"2016","SG",28,"POR",72,1431,0.257,10.3,1,-1.4,-3.3,0.439,39,87
"234","giannis antetokounmpo",22471910,"2017","SF",22,"MIL",80,2845,0.143,13.3,4.5,3.5,7.6,0.521,131,246
"246","hassan whiteside",22116750,"2016","C",26,"MIA",73,2125,0,14.2,5.3,3.4,2.5,0.606,44,201
"248","henry ellenson",1780800,"2017","PF",20,"DET",19,146,0.547,17.2,0.2,-2.4,-8.2,0.359,1,6
"250","hollis thompson",442126,"2016","SG",24,"PHI",77,2154,0.576,9.5,0.5,-2,-3.1,0.397,36,187
"252","ian clark",1577230,"2017","SG",25,"GSW",77,1137,0.376,10.7,1.3,-1.4,-2,0.487,39,77
"256","iman shumpert",10337079,"2017","SG",26,"CLE",76,1937,0.534,12.9,1.4,0,-1.3,0.411,62,150
"259","isaiah thomas",6587132,"2016","PG",26,"BOS",82,2644,0.336,11.9,2.5,-2,3,0.428,91,167
"260","isaiah thomas",6261395,"2017","PG",27,"BOS",76,2569,0.439,10.7,1.6,-3.3,5.5,0.463,70,167
"263","ish smith",6e+06,"2017","PG",28,"DET",81,1955,0.14,12.4,2.2,0.4,-0.8,0.439,61,127
"274","jamal crawford",10942762,"2017","SG",36,"LAC",82,2157,0.371,12.3,1.4,-2.1,-3,0.413,59,115
"285","jamychal green",8533333,"2017","PF",26,"MEM",77,2101,0.29,14.1,2.6,1,0.6,0.5,46,248
"299","jason thompson",945126,"2016","C",29,"TOT",47,471,0.139,10.2,0.7,1.6,0.3,0.481,12,80
"304","jeff green",2116955,"2017","PF",30,"ORL",69,1534,0.346,10.6,0.9,-1.8,-4.6,0.394,37,103
"308","jeff withey",1577320,"2017","C",26,"UTA",51,432,0.01,10.1,0.9,2.7,1.5,0.534,16,52
"313","jeremy lamb",7e+06,"2017","SG",24,"CHO",62,1143,0.297,6.8,1.3,-0.8,-1.7,0.46,27,98
"323","jj barea",3903900,"2017","PG",32,"DAL",35,771,0.431,14.7,0.5,-2.6,-0.6,0.414,14,30
"329","jodie meeks",3290000,"2017","SG",29,"ORL",36,738,0.535,11.1,0.6,-1.4,-1.8,0.402,34,41
"333","joe johnson",1.1e+07,"2016","SF",34,"TOT",81,2703,0.364,14.7,0.8,-1.6,-1.3,0.439,61,146
"344","jon leuer",10497319,"2017","PF",27,"DET",75,1944,0.259,8.7,2,0.5,0.2,0.48,31,145
"346","jonas jerebko",4e+06,"2017","PF",29,"BOS",78,1232,0.496,12.3,1.3,0.3,-2.1,0.435,26,122
"360","josh huestis",1471382,"2017","PF",25,"OKC",2,31,0.364,0,0,1.8,5.7,0.545,0,0
"374","justin anderson",1579440,"2017","SF",23,"TOT",75,1228,0.442,11.7,1.3,-0.3,-1.6,0.424,41,109
"380","justise winslow",2705040,"2017","SF",20,"MIA",18,625,0.156,11.8,0.8,1.3,-2.7,0.356,27,52
"389","kemba walker",1.2e+07,"2016","PG",25,"CHO",81,2885,0.368,10.1,3.6,0,4,0.427,126,111
"392","kenneth faried",12921348,"2017","PF",27,"DEN",61,1296,0.014,10.4,1.2,-0.1,0.8,0.548,43,124
"396","kentavious caldwell pope",17745894,"2017","SG",23,"DET",76,2529,0.471,7.9,2.5,0,0.9,0.399,89,118
"406","khris middleton",15200000,"2016","SG",24,"MIL",79,2852,0.316,12.3,1.8,-1.6,0.6,0.444,131,204
"407","khris middleton",14100000,"2017","SF",25,"MIL",29,889,0.312,14.8,0.9,-0.6,-0.5,0.45,41,79
"409","kj mcdaniels",1e+05,"2017","SF",23,"TOT",49,505,0.391,13.5,0.5,-0.6,-4.1,0.456,19,49
"414","kris dunn",4046760,"2017","PG",22,"MIN",78,1333,0.233,20.8,1.3,1.5,-2.2,0.377,78,178
"415","kris humphries",4e+06,"2016","PF",30,"TOT",53,835,0.366,10.3,1.1,-0.7,-2.9,0.41,16,94
"430","lance stephenson",4e+06,"2016","SF",25,"TOT",69,1372,0.165,15.2,1.3,-0.3,-1.4,0.481,43,135
"433","lance thomas",6655325,"2017","PF",28,"NYK",46,968,0.348,8.6,0.4,-1.6,-3.7,0.398,21,85
"434","langston galloway",5200000,"2016","PG",24,"NYK",82,2033,0.381,8.7,1.8,0.1,-0.4,0.393,77,177
"435","langston galloway",6666667,"2017","PG",25,"TOT",74,1495,0.565,7.4,1.1,-1.7,-2.6,0.38,46,96
"443","lou williams",7e+06,"2016","SG",29,"LAL",67,1907,0.462,10.8,0.3,-2.7,0.3,0.408,62,107
"448","luke babbitt",1227000,"2016","SF",26,"NOP",47,845,0.377,6.9,0.3,-2,-2.9,0.422,11,90
"450","luol deng",1.8e+07,"2016","PF",30,"MIA",74,2394,0.344,8.9,2.8,0.6,1.9,0.455,74,122
"452","malachi richardson",1504560,"2017","SG",21,"SAC",22,198,0.412,9.5,0.1,-3,-5.5,0.412,5,23
"453","malcolm brogdon",1312611,"2017","SG",24,"MIL",75,1982,0.304,14.1,1.5,-1.1,-0.5,0.457,84,140
"473","marreese speights",1403611,"2016","C",28,"GSW",72,832,0.136,11.5,1.2,-1.1,-3.9,0.432,19,117
"475","marshall plumlee",1e+05,"2017","C",24,"NYK",21,170,0,23.8,0.1,0.1,-2.8,0.533,4,23
"479","mason plumlee",14041096,"2017","C",26,"TOT",81,2148,0.01,15.2,2.5,2.6,2.6,0.536,69,226
"490","michael beasley",2116955,"2017","PF",28,"MIL",56,935,0.106,12.7,1,-1.1,-2.9,0.532,28,92
"492","michael carter williams",2700000,"2017","PG",25,"CHI",45,846,0.209,16.3,1.3,1.7,-2.4,0.366,38,102
"500","mike miller",3500000,"2016","SF",35,"DEN",47,373,0.839,21.5,0.3,-0.3,-2.7,0.355,13,53
"505","miles plumlee",12500000,"2016","C",27,"MIL",61,870,0,13.4,0.8,-0.4,-1.8,0.601,21,73
"509","mirza teletovic",10500000,"2017","PF",31,"MIL",70,1133,0.73,7.8,0.7,-3.4,-4.9,0.373,12,109
"517","nemanja bjelica",3800000,"2016","PF",27,"MIN",60,1075,0.532,15.3,0.6,-0.2,0.3,0.468,26,154
"518","nemanja bjelica",3949999,"2017","PF",28,"MIN",65,1190,0.497,13.4,0.9,-0.4,-1.1,0.424,40,154
"522","nick collison",2328652,"2017","PF",36,"OKC",20,128,0.043,13.1,0.1,-0.1,-1.8,0.609,2,17
"523","nick young",5443918,"2016","SG",30,"LAL",54,1033,0.637,6.9,0,-3.5,-4.8,0.339,23,50
"524","nick young",5192000,"2017","SG",31,"LAL",60,1556,0.665,5.1,0.2,-3.4,-0.7,0.43,37,137
"528","nik stauskas",3807146,"2017","SG",23,"PHI",80,2188,0.566,15.5,1.4,-0.7,-2.4,0.396,45,144
"533","nikola pekovic",12100000,"2016","C",30,"MIN",12,156,0,13.3,0,-3.5,-8.2,0.38,1,22
"534","nikola vucevic",11750000,"2016","C",25,"ORL",65,2037,0.009,10,2.4,1.1,1.8,0.51,53,173
"535","nikola vucevic",12250000,"2017","C",26,"ORL",75,2163,0.073,9.6,3.2,2.4,1.1,0.468,77,180
"541","omer asik",9904494,"2016","C",29,"NOP",68,1178,0,19.7,1,-0.2,-4.2,0.533,21,124
"543","omri casspi",3e+06,"2016","SF",27,"SAC",69,1880,0.441,12,1.5,-0.6,-0.3,0.481,56,154
"548","pascal siakam",1312611,"2017","PF",22,"TOR",55,859,0.034,13.1,1.2,1.8,-1.1,0.502,26,109
"550","pat connaughton",1471382,"2017","SG",24,"POR",39,316,0.458,18.3,0.2,-1.6,-2.5,0.514,6,23
"552","patrick beverley",5513514,"2017","SG",28,"HOU",67,2058,0.53,14.6,2.4,1.5,2.3,0.42,99,222
"553","patrick mccaw",1312611,"2017","SG",21,"GSW",71,1074,0.502,12.1,1.2,-0.1,-1.7,0.433,32,62
"558","paul george",18314532,"2016","SF",25,"IND",81,2819,0.391,13.6,4.8,1,4.5,0.418,152,230
"574","rakeem christmas",172552,"2017","PF",25,"IND",29,219,0,12.5,0.2,-1.2,-4.3,0.442,3,37
"578","rashad vaughn",1811040,"2016","SG",19,"MIL",70,1001,0.553,9.3,0.4,-1.9,-6.1,0.305,29,73
"607","rudy gobert",2121288,"2016","C",23,"UTA",61,1932,0,19.2,3.8,4.8,3.7,0.559,45,163
"610","russell westbrook",28530608,"2017","PG",28,"OKC",81,2802,0.3,15.9,4.6,4.7,15.6,0.425,133,190
"612","ryan anderson",19578455,"2017","PF",28,"HOU",72,2116,0.655,6.2,1.1,-2.6,-0.8,0.418,32,142
"618","sasha vujacic",1410598,"2016","SG",31,"NYK",61,908,0.516,13,0.8,-0.7,-1.5,0.383,34,83
"619","sean kilpatrick",980431,"2016","SG",26,"TOT",31,616,0.422,9.4,0,-4.4,-3,0.456,12,37
"630","shelvin mack",2433334,"2016","PG",25,"TOT",52,1058,0.301,17.7,1.2,-0.8,-1.2,0.439,34,72
"635","spencer dinwiddie",726672,"2016","PG",22,"DET",12,159,0.185,9.3,0.1,-2,-5.1,0.352,3,20
"636","spencer dinwiddie",1524305,"2017","PG",23,"BRK",59,1334,0.334,15.1,0.9,-0.2,-0.9,0.444,44,119
"639","stanley johnson",2969880,"2016","SF",19,"DET",73,1687,0.342,15,1.9,0.5,-2.6,0.375,55,178
"641","stephen curry",12112359,"2016","PG",27,"GSW",79,2700,0.554,12.9,4.1,0.1,12.5,0.504,169,161
"644","steve novak",1551659,"2016","PF",32,"TOT",10,44,0.833,5.1,0,-8,-6.6,0.444,0,3
"658","thaddeus young",14153652,"2016","PF",27,"BRK",73,2407,0.031,11.6,2.2,0.6,0.1,0.514,112,182
"660","thomas robinson",1050961,"2016","PF",24,"BRK",71,917,0.003,16.9,1.1,0.9,-2.9,0.447,39,111
"668","timofey mozgov",1.6e+07,"2016","C",29,"CLE",76,1326,0.019,15,1.9,1,-1.2,0.565,22,159
"670","timothe luwawu cabarrot",1386600,"2017","SF",21,"PHI",69,1190,0.446,15,0.8,-1.2,-4,0.402,32,154
"672","tj warren",2128920,"2016","SF",22,"PHO",47,1070,0.159,6.4,0.6,-1.3,-1.2,0.501,37,94
"674","tobias harris",17200000,"2016","PF",23,"TOT",76,2513,0.269,9.8,2.5,0.4,1,0.469,65,153
"675","tobias harris",1.6e+07,"2017","PF",24,"DET",82,2567,0.295,7.6,2.8,0.1,1.2,0.481,60,133
"678","tony allen",5505618,"2016","SG",34,"MEM",64,1620,0.09,12.8,1.9,1.4,-0.1,0.458,110,175
"684","tony wroten",25000,"2016","PG",22,"PHI",8,144,0.262,26.3,0,-3.5,-13.4,0.338,3,11
"688","trevor booker",9125000,"2017","PF",29,"BRK",71,1754,0.132,16.6,2.2,1.8,0.2,0.516,76,152
"704","tyreke evans",3290000,"2017","SF",27,"TOT",40,788,0.319,12.9,0.9,-0.1,-0.9,0.405,35,60
"705","tyson chandler",12415000,"2016","C",33,"PHO",66,1618,0.003,19.3,1.6,1.3,-0.5,0.583,36,145
"708","tyus jones",1471382,"2017","PG",20,"MIN",60,774,0.403,16,0.6,-1.5,-1.9,0.414,47,50
"710","udonis haslem",2328652,"2017","C",36,"MIA",17,130,0.13,21.3,0.2,1.1,-3.7,0.478,5,22
"717","wayne ellington",6270000,"2017","SG",29,"MIA",62,1500,0.71,5,1.2,-1.9,-0.2,0.416,35,70
"718","wesley johnson",5628000,"2016","SF",28,"LAC",80,1666,0.6,9.2,2.7,1.8,0.5,0.404,89,173
"720","wesley matthews",17100000,"2016","SF",29,"DAL",78,2644,0.615,7.8,1.8,-0.3,0.5,0.388,78,179
"722","will barton",3533333,"2016","SG",25,"DEN",82,2353,0.331,11.2,1.9,-0.4,-0.1,0.432,71,147
"724","willie cauley stein",3551160,"2016","C",22,"SAC",66,1412,0.006,10.5,1.4,1.5,0.7,0.563,48,146
"729","yogi ferrell",1312611,"2017","PG",23,"TOT",46,1197,0.447,13.9,1,-0.7,-0.7,0.406,42,90
"731","zach lavine",3202217,"2017","SG",21,"MIN",47,1749,0.437,9.9,0.4,-2.4,-0.3,0.459,41,104
